0.9909999966621399,-0.027000000700354576,0.012000000104308128,0.9789999723434448,0.9810000061988831,0.0,0.0
0.9909499883651733,-0.017000166699290276,0.02199983410537243,0.978950023651123,0.9809499979019165,0.0,0.0
0.9908000230789185,-0.007001333404332399,0.03199866786599159,0.9787999987602234,0.9808000326156616,0.0,0.0
0.9905500411987305,0.0029955001082271338,0.04199549928307533,0.9785500168800354,0.9805500507354736,0.0,0.0
0.9902001023292542,0.01298933383077383,0.05198933556675911,0.9782000780105591,0.9802001118659973,0.0,0.0
0.9897502660751343,0.022979170083999634,0.06197917088866234,0.9777502417564392,0.9797502756118774,0.0,0.0
0.9892005324363708,0.03296400606632233,0.07196400314569473,0.9772005677223206,0.979200541973114,0.0,0.0
0.9885510206222534,0.042942848056554794,0.0819428488612175,0.9765509963035583,0.9785509705543518,0.0,0.0
0.987801730632782,0.05291469395160675,0.09191469103097916,0.9758017063140869,0.9778016805648804,0.0,0.0
0.9869527220726013,0.0628785490989685,0.10187854617834091,0.974952757358551,0.9769527316093445,0.0,0.0
0.9860041737556458,0.07283341884613037,0.11183341592550278,0.9740041494369507,0.9760041832923889,0.0,0.0
0.9849560856819153,0.08277829736471176,0.12177830189466476,0.972956120967865,0.9749560952186584,0.0,0.0
0.9838086366653442,0.09271220862865448,0.13171221315860748,0.9718086123466492,0.9738086462020874,0.0,0.0
0.9825618863105774,0.10263413935899734,0.14163413643836975,0.9705619215965271,0.9725618958473206,0.0,0.0
0.9812160134315491,0.11254311352968216,0.15154311060905457,0.969215989112854,0.9712160229682922,0.0,0.0
0.979771077632904,0.12243813276290894,0.16143813729286194,0.967771053314209,0.9697710871696472,0.0,0.0
0.9782272577285767,0.13231821358203888,0.1713182032108307,0.9662272930145264,0.9682272672653198,0.0,0.0
0.976584792137146,0.1421823501586914,0.1811823546886444,0.9645847678184509,0.9665847420692444,0.0,0.0
0.9748436808586121,0.15202957391738892,0.19102957844734192,0.9628437161445618,0.9648436903953552,0.0,0.0
0.9730042219161987,0.16185890138149261,0.20085889101028442,0.9610042572021484,0.9630042314529419,0.0,0.0
0.9710665941238403,0.17166933417320251,0.21066932380199432,0.9590665698051453,0.9610666036605835,0.0,0.0
0.9690309166908264,0.18145990371704102,0.22045989334583282,0.9570308923721313,0.9590309262275696,0.0,0.0
0.9668974280357361,0.19122962653636932,0.23022961616516113,0.9548974633216858,0.9568974375724792,0.0,0.0
0.9646663665771484,0.20097751915454865,0.23997752368450165,0.9526664018630981,0.9546663761138916,0.0,0.0
0.9623379707336426,0.21070262789726257,0.24970263242721558,0.9503379464149475,0.9523379802703857,0.0,0.0
0.9599124193191528,0.22040395438671112,0.2594039738178253,0.9479123950004578,0.949912428855896,0.0,0.0
0.9573899507522583,0.23008054494857788,0.2690805494785309,0.945389986038208,0.9473899602890015,0.0,0.0
0.9547709226608276,0.23973143100738525,0.27873143553733826,0.9427708983421326,0.944770872592926,0.0,0.0
0.9520554542541504,0.24935564398765564,0.28835564851760864,0.9400554299354553,0.9420554637908936,0.0,0.0
0.9492439031600952,0.25895223021507263,0.29795223474502563,0.9372438788414001,0.9392438530921936,0.0,0.0
0.9463365077972412,0.26852020621299744,0.30752021074295044,0.9343364834785461,0.9363365173339844,0.0,0.0
0.9433335661888123,0.27805864810943604,0.31705862283706665,0.9313335418701172,0.9333335757255554,0.0,0.0
0.940235435962677,0.28756657242774963,0.32656654715538025,0.9282354116439819,0.9302354454994202,0.0,0.0
0.9370423555374146,0.2970430254936218,0.33604303002357483,0.9250423312187195,0.9270423650741577,0.0,0.0
0.9337546825408936,0.3064870834350586,0.3454870879650116,0.9217546582221985,0.9237546920776367,0.0,0.0
0.9303727149963379,0.31589779257774353,0.35489779710769653,0.9183726906776428,0.920372724533081,0.0,0.0
0.9268968105316162,0.3252742290496826,0.3642742335796356,0.9148968458175659,0.9168968200683594,0.0,0.0
0.9233273267745972,0.33461543917655945,0.37361544370651245,0.9113273620605469,0.9133273363113403,0.0,0.0
0.9196646213531494,0.3439204692840576,0.3829204738140106,0.9076646566390991,0.9096646308898926,0.0,0.0
0.9159090518951416,0.3531884253025055,0.3921884298324585,0.9039090871810913,0.9059090614318848,0.0,0.0
0.9120609760284424,0.36241835355758667,0.4014183282852173,0.9000610113143921,0.9020609855651855,0.0,0.0
0.9081208109855652,0.37160933017730713,0.41060933470726013,0.8961208462715149,0.8981208205223083,0.0,0.0
0.9040889143943787,0.38076046109199524,0.41976046562194824,0.8920889496803284,0.8940889239311218,0.0,0.0
0.899965763092041,0.3898707926273346,0.4288707971572876,0.887965738773346,0.8899657726287842,0.0,0.0
0.8957516551017761,0.39893946051597595,0.43793946504592896,0.8837516903877258,0.8857516646385193,0.0,0.0
0.891447126865387,0.4079655408859253,0.4469655454158783,0.8794471025466919,0.8814470767974854,0.0,0.0
0.8870524764060974,0.4169481098651886,0.4559481143951416,0.8750525116920471,0.8770524859428406,0.0,0.0
0.8825682997703552,0.42588627338409424,0.46488627791404724,0.8705682754516602,0.8725683093070984,0.0,0.0
0.8779948949813843,0.43477916717529297,0.47377917170524597,0.865994930267334,0.8679949045181274,0.0,0.0
0.8733328580856323,0.44362589716911316,0.48262590169906616,0.8613328337669373,0.8633328676223755,0.0,0.0
0.868582546710968,0.4524255394935608,0.4914255440235138,0.8565825819969177,0.8585825562477112,0.0,0.0
0.8637444972991943,0.461177259683609,0.500177264213562,0.851744532585144,0.8537445068359375,0.0,0.0
0.8588191866874695,0.4698801338672638,0.5088801383972168,0.8468191623687744,0.8488191962242126,0.0,0.0
0.8538070917129517,0.4785333275794983,0.5175333619117737,0.8418070673942566,0.84380704164505,0.0,0.0
0.8487086892127991,0.48713600635528564,0.5261359810829163,0.836708664894104,0.8387086987495422,0.0,0.0
0.8435245156288147,0.49568721652030945,0.5346872210502625,0.8315245509147644,0.8335245251655579,0.0,0.0
0.8382551074028015,0.50418621301651,0.5431861877441406,0.8262550830841064,0.8282551169395447,0.0,0.0
0.8329010009765625,0.5126320719718933,0.5516320466995239,0.8209009766578674,0.8229009509086609,0.0,0.0
0.8274626731872559,0.5210239291191101,0.5600239634513855,0.8154626488685608,0.8174626231193542,0.0,0.0
0.8219406604766846,0.5293610095977783,0.5683610439300537,0.8099406957626343,0.8119406700134277,0.0,0.0
0.8163356184959412,0.5376424789428711,0.5766424536705017,0.8043355941772461,0.8063356280326843,0.0,0.0
0.8106480240821838,0.5458674430847168,0.5848674774169922,0.7986479997634888,0.800648033618927,0.0,0.0
0.8048784732818604,0.5540351867675781,0.5930351614952087,0.7928784489631653,0.7948784828186035,0.0,0.0
0.7990275025367737,0.5621447563171387,0.6011447310447693,0.7870275378227234,0.7890275120735168,0.0,0.0
0.7930957674980164,0.5701954364776611,0.6091954708099365,0.7810957431793213,0.7830957770347595,0.0,0.0
0.7870838046073914,0.5781863927841187,0.617186427116394,0.7750837802886963,0.7770838141441345,0.0,0.0
0.7809922099113464,0.5861168503761292,0.6251168251037598,0.7689922451972961,0.7709922194480896,0.0,0.0
0.7748216390609741,0.5939859747886658,0.6329860091209412,0.7628216743469238,0.7648216485977173,0.0,0.0
0.7685727477073669,0.6017930507659912,0.6407930254936218,0.7565727233886719,0.7585726976394653,0.0,0.0
0.7622460126876831,0.6095371842384338,0.6485371589660645,0.750245988368988,0.7522460222244263,0.0,0.0
0.7558422088623047,0.6172176599502563,0.6562176942825317,0.7438421845436096,0.7458421587944031,0.0,0.0
0.7493618726730347,0.6248337626457214,0.6638337969779968,0.7373618483543396,0.7393618822097778,0.0,0.0
0.7428057193756104,0.6323846578598022,0.6713846921920776,0.7308057546615601,0.7328057289123535,0.0,0.0
0.7361744046211243,0.6398696303367615,0.6788696646690369,0.7241743803024292,0.7261744141578674,0.0,0.0
0.729468584060669,0.647287905216217,0.6862879395484924,0.7174685597419739,0.7194685339927673,0.0,0.0
0.7226888537406921,0.6546387672424316,0.6936387419700623,0.7106888890266418,0.7126888632774353,0.0,0.0
0.7158359885215759,0.6619214415550232,0.7009214162826538,0.7038360238075256,0.7058359980583191,0.0,0.0
0.7089106440544128,0.6691352128982544,0.7081352472305298,0.6969106793403625,0.698910653591156,0.0,0.0
0.7019135355949402,0.6762794256210327,0.7152794003486633,0.6899135112762451,0.6919135451316833,0.0,0.0
0.6948453187942505,0.6833532452583313,0.7223532795906067,0.6828452944755554,0.6848453283309937,0.0,0.0
0.687706708908081,0.6903560757637024,0.7293561100959778,0.675706684589386,0.6777067184448242,0.0,0.0
0.6804984211921692,0.6972872018814087,0.7362871766090393,0.6684984564781189,0.6704984307289124,0.0,0.0
0.673221230506897,0.7041458487510681,0.7431458234786987,0.6612212061882019,0.6632211804389954,0.0,0.0
0.6658757328987122,0.7109313607215881,0.7499313950538635,0.6538757681846619,0.6558757424354553,0.0,0.0
0.6584628224372864,0.717643141746521,0.7566431164741516,0.6464627981185913,0.6484628319740295,0.0,0.0
0.6509831547737122,0.7242804169654846,0.7632803916931152,0.6389831304550171,0.6409831643104553,0.0,0.0
0.6434374451637268,0.7308425903320312,0.7698425650596619,0.6314374804496765,0.63343745470047,0.0,0.0
0.6358265280723572,0.7373289465904236,0.7763289213180542,0.6238265633583069,0.6258265376091003,0.0,0.0
0.6281511187553406,0.7437388896942139,0.7827388644218445,0.6161511540412903,0.6181511282920837,0.0,0.0
0.6204120516777039,0.7500717639923096,0.7890717387199402,0.6084120273590088,0.6104120016098022,0.0,0.0
0.6126099824905396,0.7563269138336182,0.7953268885612488,0.6006099581718445,0.6026099920272827,0.0,0.0
0.6047457456588745,0.7625037431716919,0.8015037178993225,0.5927457213401794,0.5947457551956177,0.0,0.0
0.5968201756477356,0.7686015963554382,0.8076016306877136,0.5848201513290405,0.5868201851844788,0.0,0.0
0.5888339877128601,0.7746199369430542,0.8136199116706848,0.576833963394165,0.5788339972496033,0.0,0.0
0.5807880163192749,0.7805581092834473,0.8195580840110779,0.5687880516052246,0.5707880258560181,0.0,0.0
0.5726830959320068,0.7864155173301697,0.8254154920578003,0.5606830716133118,0.56268310546875,0.0,0.0
0.564520001411438,0.7921915650367737,0.8311915397644043,0.5525199770927429,0.5545200109481812,0.0,0.0
0.5562995076179504,0.7978857159614563,0.8368856906890869,0.5442995429039001,0.5462995171546936,0.0,0.0
0.5480225682258606,0.8034973740577698,0.8424973487854004,0.5360225439071655,0.538022518157959,0.0,0.0
0.539689838886261,0.8090260028839111,0.8480259776115417,0.5276898741722107,0.5296898484230042,0.0,0.0
0.5313023328781128,0.8144710063934326,0.8534709811210632,0.5193023085594177,0.5213022828102112,0.0,0.0
0.5228607058525085,0.8198318481445312,0.8588318228721619,0.5108607411384583,0.5128607153892517,0.0,0.0
0.5143659710884094,0.8251080513000488,0.8641080260276794,0.5023659467697144,0.5043659806251526,0.0,0.0
0.5058188438415527,0.8302989602088928,0.8692989945411682,0.49381884932518005,0.4958188533782959,0.0,0.0
0.4972202479839325,0.8354042172431946,0.87440425157547,0.4852202534675598,0.48722025752067566,0.0,0.0
0.48857104778289795,0.8404232263565063,0.879423201084137,0.47657105326652527,0.4785710573196411,0.0,0.0
0.47987207770347595,0.8453555107116699,0.8843554854393005,0.46787208318710327,0.4698720872402191,0.0,0.0
0.47112423181533813,0.8502005338668823,0.8892005085945129,0.45912423729896545,0.4611242413520813,0.0,0.0
0.46232837438583374,0.8549578189849854,0.893957793712616,0.45032835006713867,0.4523283541202545,0.0,0.0
0.453485369682312,0.8596268892288208,0.8986269235610962,0.44148537516593933,0.4434853792190552,0.0,0.0
0.4445961117744446,0.86420738697052,0.9032073616981506,0.4325961172580719,0.43459612131118774,0.0,0.0
0.43566152453422546,0.8686986565589905,0.9076986908912659,0.4236615300178528,0.42566150426864624,0.0,0.0
0.4266824424266815,0.8731004595756531,0.9121004343032837,0.41468244791030884,0.4166824519634247,0.0,0.0
0.41765981912612915,0.8774121999740601,0.9164121747016907,0.4056597948074341,0.4076597988605499,0.0,0.0
0.4085944890975952,0.8816335201263428,0.9206334948539734,0.39659449458122253,0.3985944986343384,0.0,0.0
0.3994874358177185,0.885763943195343,0.9247639179229736,0.3874874413013458,0.38948744535446167,0.0,0.0
0.39033952355384827,0.8898031115531921,0.9288030862808228,0.3783395290374756,0.38033953309059143,0.0,0.0
0.3811516761779785,0.8937506079673767,0.9327505826950073,0.36915168166160583,0.3711516857147217,0.0,0.0
0.37192481756210327,0.8976060152053833,0.9366059899330139,0.3599248230457306,0.36192482709884644,0.0,0.0
0.36265987157821655,0.9013689756393433,0.9403689503669739,0.35065987706184387,0.3526598811149597,0.0,0.0
0.3533577620983124,0.9050390720367432,0.9440391063690186,0.3413577675819397,0.34335774183273315,0.0,0.0
0.34401941299438477,0.9086160063743591,0.9476159811019897,0.3320193886756897,0.33401939272880554,0.0,0.0
0.33464574813842773,0.9120993614196777,0.9510993361473083,0.32264575362205505,0.3246457576751709,0.0,0.0
0.3252377212047577,0.9154887795448303,0.9544888138771057,0.313237726688385,0.31523773074150085,0.0,0.0
0.31579628586769104,0.9187840223312378,0.9577839970588684,0.30379629135131836,0.3057962954044342,0.0,0.0
0.3063223659992218,0.9219846129417419,0.9609846472740173,0.2943223714828491,0.29632237553596497,0.0,0.0
0.2968169152736664,0.9250903129577637,0.9640903472900391,0.2848169207572937,0.28681689500808716,0.0,0.0
0.2872808873653412,0.9281008839607239,0.9671008586883545,0.2752808630466461,0.27728086709976196,0.0,0.0
0.27771520614624023,0.9310158491134644,0.9700158834457397,0.26571521162986755,0.2677152156829834,0.0,0.0
0.2681208848953247,0.9338350892066956,0.9728350639343262,0.25612086057662964,0.2581208646297455,0.0,0.0
0.25849881768226624,0.936558187007904,0.9755581617355347,0.24649882316589355,0.2484988272190094,0.0,0.0
0.2488500326871872,0.9391849637031555,0.9781849384307861,0.23685003817081451,0.23885002732276917,0.0,0.0
0.2391754537820816,0.9417151212692261,0.9807150959968567,0.22717544436454773,0.22917544841766357,0.0,0.0
0.22947604954242706,0.9441483616828918,0.9831483960151672,0.21747605502605438,0.21947605907917023,0.0,0.0
0.21975280344486237,0.9464845657348633,0.9854845404624939,0.20775280892848969,0.20975281298160553,0.0,0.0
0.2100066840648651,0.9487233757972717,0.9877233505249023,0.19800668954849243,0.20000669360160828,0.0,0.0
0.2002386599779129,0.9508646130561829,0.9898645877838135,0.18823866546154022,0.19023866951465607,0.0,0.0
0.19044971466064453,0.9529080390930176,0.991908073425293,0.17844972014427185,0.1804497241973877,0.0,0.0
0.1806408315896988,0.9548535346984863,0.9938535094261169,0.1686408370733261,0.17064082622528076,0.0,0.0
0.17081297934055328,0.9567008018493652,0.9957008361816406,0.1588129848241806,0.16081297397613525,0.0,0.0
0.1609671413898468,0.9584497213363647,0.9974497556686401,0.14896714687347412,0.15096713602542877,0.0,0.0
0.15110431611537933,0.9601001143455505,0.9991000890731812,0.13910430669784546,0.1411043107509613,0.0,0.0
0.14122547209262848,0.9616517424583435,1.0006517171859741,0.1292254626750946,0.13122546672821045,0.0,0.0
0.13133160769939423,0.9631045460700989,1.0021045207977295,0.11933160573244095,0.1213316023349762,0.0,0.0
0.12142370641231537,0.9644583463668823,1.0034583806991577,0.10942371189594269,0.11142370849847794,0.0,0.0
0.1115027666091919,0.9657129645347595,1.0047129392623901,0.09950277209281921,0.10150276869535446,0.0,0.0
0.1015697792172432,0.9668683409690857,1.0058683156967163,0.08956977725028992,0.09156978130340576,0.0,0.0
0.09162573516368866,0.9679243564605713,1.0069243907928467,0.07962573319673538,0.08162572979927063,0.0,0.0
0.08167162537574768,0.968880832195282,1.0078808069229126,0.0696716234087944,0.07167162746191025,0.0,0.0
0.07170844823122025,0.9697377681732178,1.0087378025054932,0.059708449989557266,0.06170845031738281,0.0,0.0
0.06173720210790634,0.9704949855804443,1.0094950199127197,0.049737200140953064,0.05173720046877861,0.0,0.0
0.05175888165831566,0.9711524844169617,1.0101524591445923,0.03975887969136238,0.04175888001918793,0.0,0.0
0.041774485260248184,0.9717101454734802,1.0107101202011108,0.029774485155940056,0.03177448362112045,0.0,0.0
0.031785011291503906,0.97216796875,1.0111680030822754,0.019785011187195778,0.021785011515021324,0.0,0.0
0.02179145999252796,0.9725258350372314,1.0115258693695068,0.009791458956897259,0.011791459284722805,0.0,0.0
0.01179482787847519,0.9727837443351746,1.0117837190628052,-0.0002051721967291087,0.0017948277527466416,0.0,0.0
0.001796117052435875,0.9729416966438293,1.01194167137146,-0.010203883051872253,-0.008203882724046707,0.0,0.0
-0.008203673176467419,0.9729996919631958,1.0119997262954712,-0.02020367421209812,-0.018203673884272575,0.0,0.0
-0.01820354349911213,0.9729576706886292,1.0119576454162598,-0.030203543603420258,-0.02820354327559471,0.0,0.0
-0.028202492743730545,0.9728156328201294,1.0118156671524048,-0.04020249471068382,-0.038202494382858276,0.0,0.0
-0.038199521601200104,0.9725735783576965,1.0115735530853271,-0.05019952356815338,-0.048199523240327835,0.0,0.0
-0.04819363355636597,0.9722316265106201,1.0112316608428955,-0.060193631798028946,-0.0581936314702034,0.0,0.0
-0.05818382278084755,0.9717897176742554,1.0107897520065308,-0.07018382102251053,-0.06818382441997528,0.0,0.0
-0.06816909462213516,0.9712479710578918,1.0102479457855225,-0.08016909658908844,-0.0781690925359726,0.0,0.0
-0.07814844697713852,0.9706063866615295,1.0096063613891602,-0.0901484489440918,-0.08814845234155655,0.0,0.0
-0.08812088519334793,0.9698650240898132,1.0088649988174438,-0.10012088716030121,-0.09812089055776596,0.0,0.0
-0.098085418343544,0.9690240025520325,1.008023977279663,-0.11008542031049728,-0.10808541625738144,0.0,0.0
-0.10804103314876556,0.9680833220481873,1.0070832967758179,-0.12004103511571884,-0.1180410385131836,0.0,0.0
-0.1179867535829544,0.9670432209968567,1.0060431957244873,-0.1299867480993271,-0.12798675894737244,0.0,0.0
-0.12792156636714935,0.965903639793396,1.0049036741256714,-0.13992157578468323,-0.13792157173156738,0.0,0.0
-0.1378444880247116,0.9646648168563843,1.0036648511886597,-0.14984449744224548,-0.14784449338912964,0.0,0.0
-0.14775453507900238,0.9633268117904663,1.0023268461227417,-0.15975452959537506,-0.1577545404434204,0.0,0.0
-0.15765069425106049,0.9618897438049316,1.000889778137207,-0.16965070366859436,-0.16765069961547852,0.0,0.0
-0.16753199696540833,0.9603538513183594,0.99935382604599,-0.1795320063829422,-0.17753200232982635,0.0,0.0
-0.1773974448442459,0.9587191939353943,0.9977191686630249,-0.18939745426177979,-0.18739745020866394,0.0,0.0
-0.18724605441093445,0.9569859504699707,0.9959859251976013,-0.19924604892730713,-0.19724605977535248,0.0,0.0
-0.19707684218883514,0.955154299736023,0.9941543340682983,-0.20907683670520782,-0.20707683265209198,0.0,0.0
-0.206888809800148,0.9532244801521301,0.9922244548797607,-0.21888881921768188,-0.21688881516456604,0.0,0.0
-0.21668100357055664,0.9511966109275818,0.9901965856552124,-0.22868099808692932,-0.22668100893497467,0.0,0.0
-0.22645242512226105,0.949070930480957,0.9880709052085876,-0.23845241963863373,-0.23645241558551788,0.0,0.0
-0.23620209097862244,0.9468476176261902,0.9858476519584656,-0.2482021003961563,-0.24620209634304047,0.0,0.0
-0.2459290474653244,0.9445269703865051,0.9835269451141357,-0.2579290568828583,-0.25592905282974243,0.0,0.0
-0.25563231110572815,0.9421091079711914,0.9811091423034668,-0.26763230562210083,-0.265632301568985,0.0,0.0
-0.2653109133243561,0.9395943880081177,0.9785943627357483,-0.27731090784072876,-0.2753109037876129,0.0,0.0
-0.2749638855457306,0.9369829893112183,0.9759830236434937,-0.28696388006210327,-0.2849638760089874,0.0,0.0
-0.2845902442932129,0.934275209903717,0.9732751846313477,-0.29659023880958557,-0.2945902347564697,0.0,0.0
-0.29418906569480896,0.9314712882041931,0.9704712629318237,-0.30618906021118164,-0.3041890561580658,0.0,0.0
-0.30375936627388,0.9285715222358704,0.967571496963501,-0.3157593607902527,-0.31375935673713684,0.0,0.0
-0.31330016255378723,0.9255762100219727,0.9645761847496033,-0.3253001570701599,-0.32330018281936646,0.0,0.0
-0.322810560464859,0.9224855899810791,0.9614856243133545,-0.3348105549812317,-0.33281055092811584,0.0,0.0
-0.33228957653045654,0.9193000793457031,0.9583001136779785,-0.3442895710468292,-0.3422895669937134,0.0,0.0
-0.3417362570762634,0.9160199165344238,0.9550199508666992,-0.3537362515926361,-0.35173624753952026,0.0,0.0
-0.35114964842796326,0.9126454591751099,0.9516454935073853,-0.36314964294433594,-0.3611496388912201,0.0,0.0
-0.3605288565158844,0.9091770648956299,0.9481770396232605,-0.3725288510322571,-0.37052884697914124,0.0,0.0
-0.3698728680610657,0.9056150317192078,0.9446150064468384,-0.38187289237976074,-0.3798728883266449,0.0,0.0
-0.37918081879615784,0.9019597172737122,0.9409596920013428,-0.3911808431148529,-0.38918083906173706,0.0,0.0
-0.3884517550468445,0.8982115387916565,0.9372115135192871,-0.40045177936553955,-0.3984517753124237,0.0,0.0
-0.3976847529411316,0.8943707942962646,0.93337082862854,-0.4096847474575043,-0.4076847434043884,0.0,0.0
-0.40687888860702515,0.8904379606246948,0.9294379353523254,-0.4188788831233978,-0.416878879070282,0.0,0.0
-0.41603320837020874,0.8864133358001709,0.9254133701324463,-0.4280332028865814,-0.4260331988334656,0.0,0.0
1.0,0.0,0.0,1.0,1.0,0.0,0.0
0.9996874928474426,0.019998665899038315,0.029995501041412354,0.9993875622749329,0.9999499917030334,0.0,0.0
0.9987502694129944,0.03998933359980583,0.059964004904031754,0.9975510239601135,0.9998000264167786,0.0,0.0
0.9971888065338135,0.059964004904031754,0.08987855166196823,0.9944925904273987,0.9995500445365906,0.0,0.0
0.9950041770935059,0.07991469651460648,0.11971220374107361,0.9902160167694092,0.9992001056671143,0.0,0.0
0.9921976923942566,0.0998334139585495,0.14943812787532806,0.9847265481948853,0.9987502694129944,0.0,0.0
0.9887710809707642,0.11971220374107361,0.17902956902980804,0.9780309200286865,0.998200535774231,0.0,0.0
0.9847265481948853,0.13954311609268188,0.20845989882946014,0.9701372981071472,0.9975510239601135,0.0,0.0
0.9800665974617004,0.159318208694458,0.2377026230096817,0.9610554575920105,0.9968017339706421,0.0,0.0
0.9747940897941589,0.17902956902980804,0.2667314410209656,0.950796365737915,0.9959527254104614,0.0,0.0
0.9689124226570129,0.19866932928562164,0.29552021622657776,0.939372718334198,0.9950041770935059,0.0,0.0
0.962425172328949,0.21822962164878845,0.32404303550720215,0.926798403263092,0.9939560890197754,0.0,0.0
0.9553365111351013,0.2377026230096817,0.35227423906326294,0.9130889177322388,0.9928086400032043,0.0,0.0
0.9476507306098938,0.2570805549621582,0.3801884055137634,0.8982610106468201,0.9915618896484375,0.0,0.0
0.939372718334198,0.27635565400123596,0.4077604413032532,0.8823328614234924,0.9902160167694092,0.0,0.0
0.9305076003074646,0.29552021622657776,0.4349655210971832,0.8653239607810974,0.9887710809707642,0.0,0.0
0.9210609793663025,0.31456655263900757,0.4617791771888733,0.8472551107406616,0.9872272610664368,0.0,0.0
0.9110387563705444,0.3334870934486389,0.48817723989486694,0.8281484842300415,0.9855847954750061,0.0,0.0
0.9004471302032471,0.35227423906326294,0.514136016368866,0.8080275058746338,0.9838436841964722,0.0,0.0
0.8892927169799805,0.37092047929763794,0.5396320223808289,0.7869167923927307,0.9820042252540588,0.0,0.0
0.8775825500488281,0.3894183337688446,0.5646424889564514,0.7648422122001648,0.9800665974617004,0.0,0.0
0.8653239607810974,0.4077604413032532,0.589144766330719,0.7418307662010193,0.9780309200286865,0.0,0.0
0.8525245189666748,0.4259394705295563,0.6131168603897095,0.717910647392273,0.9758974313735962,0.0,0.0
0.8391923308372498,0.4439481198787689,0.6365371942520142,0.6931112408638,0.9736663699150085,0.0,0.0
0.8253356218338013,0.4617791771888733,0.6593846678733826,0.6674628257751465,0.9713379740715027,0.0,0.0
0.8109630942344666,0.4794255495071411,0.681638777256012,0.6409968733787537,0.9689124226570129,0.0,0.0
0.7960838079452515,0.4968801438808441,0.703279435634613,0.6137457489967346,0.9663899540901184,0.0,0.0
0.7807069420814514,0.514136016368866,0.7242871522903442,0.5857428908348083,0.9637709259986877,0.0,0.0
0.7648422122001648,0.5311862230300903,0.7446430921554565,0.5570225715637207,0.9610554575920105,0.0,0.0
0.7484993934631348,0.5480239391326904,0.7643289566040039,0.5276199579238892,0.9582438468933105,0.0,0.0
0.7316888570785522,0.5646424889564514,0.7833269238471985,0.49757105112075806,0.9553365111351013,0.0,0.0
0.7144210338592529,0.5810351371765137,0.8016199469566345,0.46691271662712097,0.9523335695266724,0.0,0.0
0.6967067122459412,0.5971954464912415,0.819191575050354,0.4356824457645416,0.9492354393005371,0.0,0.0
0.6785569787025452,0.6131168603897095,0.8360259532928467,0.4039185345172882,0.9460423588752747,0.0,0.0
0.6599831581115723,0.6287930011749268,0.8521080017089844,0.37165987491607666,0.9427546858787537,0.0,0.0
0.6409968733787537,0.6442176699638367,0.8674232363700867,0.33894598484039307,0.939372718334198,0.0,0.0
0.6216099858283997,0.6593846678733826,0.8819578289985657,0.3058169186115265,0.9358968138694763,0.0,0.0
0.6018345952033997,0.6742879152297974,0.8956986665725708,0.27231326699256897,0.9323273301124573,0.0,0.0
0.5816830992698669,0.6889214515686035,0.9086334705352783,0.23847605288028717,0.9286646246910095,0.0,0.0
0.5611680746078491,0.703279435634613,0.920750617980957,0.20434674620628357,0.9249090552330017,0.0,0.0
0.5403022766113281,0.7173560857772827,0.9320390820503235,0.1699671447277069,0.9210609793663025,0.0,0.0
0.5190988779067993,0.7311458587646484,0.9424887895584106,0.1353793442249298,0.9171208143234253,0.0,0.0
0.49757105112075806,0.7446430921554565,0.952090322971344,0.10062573105096817,0.9130889177322388,0.0,0.0
0.4757322371006012,0.7578425407409668,0.9608350396156311,0.06574886292219162,0.9089657664299011,0.0,0.0
0.4535961151123047,0.7707388997077942,0.9687150716781616,0.03079145960509777,0.9047516584396362,0.0,0.0
0.4311765134334564,0.7833269238471985,0.975723385810852,-0.0042036608792841434,0.9004471302032471,0.0,0.0
0.4084874391555786,0.7956016063690186,0.9818535447120667,-0.03919363021850586,0.8960524797439575,0.0,0.0
0.3855430781841278,0.8075581192970276,0.9871001243591309,-0.07413559406995773,0.8915683031082153,0.0,0.0
0.3623577654361725,0.819191575050354,0.9914583563804626,-0.1089867502450943,0.8869948983192444,0.0,0.0
0.33894598484039307,0.8304973840713501,0.9949243664741516,-0.14370441436767578,0.8823328614234924,0.0,0.0
0.3153223693370819,0.8414709568023682,0.9974949955940247,-0.17824605107307434,0.8775825500488281,0.0,0.0
0.2915016710758209,0.8521080017089844,0.9991679191589355,-0.21256937086582184,0.8727445006370544,0.0,0.0
0.26749882102012634,0.8624042272567749,0.9999417066574097,-0.24663230776786804,0.8678191900253296,0.0,0.0
0.24332879483699799,0.8723554611206055,0.9998156428337097,-0.28039315342903137,0.8628070950508118,0.0,0.0
0.21900668740272522,0.8819578289985657,0.9987897276878357,-0.3138105571269989,0.8577086925506592,0.0,0.0
0.19454771280288696,0.8912073373794556,0.9968650341033936,-0.34684357047080994,0.8525245189666748,0.0,0.0
0.1699671447277069,0.9001004695892334,0.994043231010437,-0.3794517517089844,0.8472551107406616,0.0,0.0
0.1452803611755371,0.9086334705352783,0.9903268218040466,-0.4115951657295227,0.8419010043144226,0.0,0.0
0.120502769947052,0.9168031215667725,0.9857192039489746,-0.4432344138622284,0.836462676525116,0.0,0.0
0.09564987570047379,0.9246060252189636,0.9802244901657104,-0.47433075308799744,0.8309406638145447,0.0,0.0
0.07073719799518585,0.9320390820503235,0.9738476276397705,-0.5048460960388184,0.8253356218338013,0.0,0.0
0.04578031972050667,0.9390993714332581,0.966594398021698,-0.534743070602417,0.819648027420044,0.0,0.0
0.020794827491044998,0.9457839727401733,0.9584712982177734,-0.5639850497245789,0.8138784766197205,0.0,0.0
-0.0042036608792841434,0.952090322971344,0.9494855999946594,-0.592536211013794,0.8080275058746338,0.0,0.0
-0.029199521988630295,0.9580158591270447,0.9396454691886902,-0.6203616261482239,0.8020957708358765,0.0,0.0
-0.05417713522911072,0.9635581970214844,0.9289597272872925,-0.6474271416664124,0.7960838079452515,0.0,0.0
-0.07912088930606842,0.9687150716781616,0.9174379706382751,-0.6736996173858643,0.7899922132492065,0.0,0.0
-0.10401519387960434,0.9734845161437988,0.9050905704498291,-0.6991469264030457,0.7838216423988342,0.0,0.0
-0.1288444995880127,0.9778646230697632,0.8919286727905273,-0.723737895488739,0.7775726914405823,0.0,0.0
-0.1535932719707489,0.9818535447120667,0.8779640793800354,-0.7474423050880432,0.7712460160255432,0.0,0.0
-0.17824605107307434,0.9854497313499451,0.8632093667984009,-0.7702312469482422,0.7648422122001648,0.0,0.0
-0.20278744399547577,0.9886517524719238,0.8476778268814087,-0.7920767664909363,0.7583618760108948,0.0,0.0
-0.22720208764076233,0.9914583563804626,0.831383466720581,-0.8129520416259766,0.7518057227134705,0.0,0.0
-0.2514747381210327,0.993868350982666,0.8143408894538879,-0.8328315615653992,0.7451744079589844,0.0,0.0
-0.2755902409553528,0.9958808422088623,0.7965654730796814,-0.8516910076141357,0.738468587398529,0.0,0.0
-0.29953351616859436,0.9974949955940247,0.7780731916427612,-0.8695071935653687,0.7316888570785522,0.0,0.0
-0.32328957319259644,0.9987101554870605,0.7588807344436646,-0.8862583637237549,0.724835991859436,0.0,0.0
-0.34684357047080994,0.9995258450508118,0.7390052676200867,-0.9019239544868469,0.717910647392273,0.0,0.0
-0.3701808452606201,0.9999417066574097,0.7184647917747498,-0.9164848327636719,0.7109135389328003,0.0,0.0
-0.39328673481941223,0.9999576210975647,0.6972777247428894,-0.9299231171607971,0.7038453221321106,0.0,0.0
-0.416146844625473,0.9995735883712769,0.6754631996154785,-0.9422223567962646,0.6967067122459412,0.0,0.0
-0.4387468695640564,0.9987897276878357,0.6530407667160034,-0.9533674716949463,0.6894984245300293,0.0,0.0
-0.4610726833343506,0.9976063966751099,0.630030632019043,-0.9633448719978333,0.6822212338447571,0.0,0.0
-0.48311036825180054,0.9960240125656128,0.606453537940979,-0.9721422791481018,0.6748757362365723,0.0,0.0
-0.5048460960388184,0.994043231010437,0.5823306441307068,-0.9797489047050476,0.6674628257751465,0.0,0.0
-0.52626633644104,0.9916648268699646,0.5576837062835693,-0.9861555099487305,0.6599831581115723,0.0,0.0
-0.5473576784133911,0.988889753818512,0.5325348973274231,-0.9913541674613953,0.6524374485015869,0.0,0.0
-0.5681068897247314,0.9857192039489746,0.5069068670272827,-0.9953385591506958,0.6448265314102173,0.0,0.0
-0.5885010957717896,0.9821543097496033,0.4808226227760315,-0.9981037974357605,0.6371511220932007,0.0,0.0
-0.6085275411605835,0.9781966209411621,0.4543056786060333,-0.9996464252471924,0.629412055015564,0.0,0.0
-0.6281736493110657,0.9738476276397705,0.42737987637519836,-0.9999646544456482,0.6216099858283997,0.0,0.0
-0.6474271416664124,0.9691091179847717,0.4000694751739502,-0.9990580677986145,0.6137457489967346,0.0,0.0
-0.6662760376930237,0.9639829993247986,0.3723990321159363,-0.9969277381896973,0.6058201789855957,0.0,0.0
-0.6847085356712341,0.9584712982177734,0.34439346194267273,-0.9935762882232666,0.5978339910507202,0.0,0.0
-0.7027130722999573,0.952576220035553,0.31607797741889954,-0.989007830619812,0.589788019657135,0.0,0.0
-0.7202784419059753,0.9463000893592834,0.2874779999256134,-0.9832279682159424,0.5816830992698669,0.0,0.0
-0.7373937368392944,0.9396454691886902,0.2586193382740021,-0.976243793964386,0.5735200047492981,0.0,0.0
-0.7540481090545654,0.9326150417327881,0.22952795028686523,-0.9680638313293457,0.5652995109558105,0.0,0.0
-0.7702312469482422,0.9252115488052368,0.20022998750209808,-0.9586980938911438,0.5570225715637207,0.0,0.0
-0.7859330177307129,0.9174379706382751,0.17075182497501373,-0.9481580853462219,0.5486898422241211,0.0,0.0
-0.8011435866355896,0.9092974066734314,0.14112000167369843,-0.9364566802978516,0.5403022766113281,0.0,0.0
-0.8158535361289978,0.900793194770813,0.11136119067668915,-0.9236082434654236,0.5318607091903687,0.0,0.0
-0.8300535082817078,0.8919286727905273,0.08150215446949005,-0.9096285104751587,0.5233659744262695,0.0,0.0
-0.8437348008155823,0.8827073574066162,0.05156976729631424,-0.8945345878601074,0.5148188471794128,0.0,0.0
-0.8568887710571289,0.8731330037117004,0.021590976044535637,-0.8783450126647949,0.506220281124115,0.0,0.0
-0.8695071935653687,0.8632093667984009,-0.008407247252762318,-0.8610795140266418,0.49757105112075806,0.0,0.0
-0.8815822005271912,0.8529404997825623,-0.038397904485464096,-0.842759370803833,0.48887208104133606,0.0,0.0
-0.89310622215271,0.8423304557800293,-0.06835400313138962,-0.8234068751335144,0.48012423515319824,0.0,0.0
-0.9040721654891968,0.831383466720581,-0.09824859350919724,-0.8030458688735962,0.47132837772369385,0.0,0.0
-0.9144729971885681,0.8201039433479309,-0.12805476784706116,-0.7817012071609497,0.4624853730201721,0.0,0.0
-0.9243023991584778,0.8084964156150818,-0.15774568915367126,-0.7593990564346313,0.4535961151123047,0.0,0.0
-0.9335540533065796,0.7965654730796814,-0.18729466199874878,-0.7361667156219482,0.44466152787208557,0.0,0.0
-0.9422223567962646,0.7843159437179565,-0.21667508780956268,-0.7120327353477478,0.4356824457645416,0.0,0.0
-0.9503017663955688,0.771752655506134,-0.2458605021238327,-0.6870265603065491,0.42665982246398926,0.0,0.0
-0.9577872157096863,0.7588807344436646,-0.27482467889785767,-0.6611788272857666,0.4175944924354553,0.0,0.0
-0.964674174785614,0.7457051873207092,-0.30354151129722595,-0.6345213055610657,0.4084874391555786,0.0,0.0
-0.9709581732749939,0.7322314381599426,-0.3319851756095886,-0.6070864796638489,0.3993395268917084,0.0,0.0
-0.9766353964805603,0.7184647917747498,-0.36013010144233704,-0.5789081454277039,0.3901516795158386,0.0,0.0
-0.9817022085189819,0.7044107913970947,-0.38795092701911926,-0.5500206351280212,0.3809248208999634,0.0,0.0
-0.9861555099487305,0.6900749802589417,-0.41542261838912964,-0.5204594731330872,0.37165987491607666,0.0,0.0
-0.9899924993515015,0.6754631996154785,-0.4425204396247864,-0.4902608096599579,0.3623577654361725,0.0,0.0
-0.9932107925415039,0.6605811715126038,-0.46922004222869873,-0.45946162939071655,0.3530193865299225,0.0,0.0
-0.9958083033561707,0.6454349756240845,-0.49549737572669983,-0.42809969186782837,0.34364575147628784,0.0,0.0
-0.9977835416793823,0.630030632019043,-0.5213288068771362,-0.3962133526802063,0.3342377245426178,0.0,0.0
-0.9991351366043091,0.6143742799758911,-0.5466910600662231,-0.363841712474823,0.32479628920555115,0.0,0.0
-0.9998623728752136,0.5984721183776855,-0.571561336517334,-0.3310244083404541,0.3153223693370819,0.0,0.0
-0.9999646544456482,0.5823306441307068,-0.5959172248840332,-0.2978016436100006,0.3058169186115265,0.0,0.0
-0.9994420409202576,0.5659562349319458,-0.6197368502616882,-0.26421409845352173,0.2962808609008789,0.0,0.0
-0.9982947707176208,0.5493554472923279,-0.6429987549781799,-0.23030294477939606,0.28671520948410034,0.0,0.0
-0.9965236186981201,0.5325348973274231,-0.6656819581985474,-0.19610968232154846,0.2771208882331848,0.0,0.0
-0.9941296577453613,0.5155013799667358,-0.6877661347389221,-0.16167621314525604,0.26749882102012634,0.0,0.0
-0.9911144375801086,0.49826163053512573,-0.7092313766479492,-0.12704472243785858,0.2578500211238861,0.0,0.0
-0.9874797463417053,0.4808226227760315,-0.7300583720207214,-0.09225760400295258,0.2481754571199417,0.0,0.0
-0.9832279682159424,0.46319127082824707,-0.7502283453941345,-0.057357482612133026,0.23847605288028717,0.0,0.0
-0.9783616662025452,0.44537463784217834,-0.769723117351532,-0.022387109696865082,0.22875280678272247,0.0,0.0
-0.972883939743042,0.42737987637519836,-0.7885252833366394,0.01261068508028984,0.21900668740272522,0.0,0.0
-0.9667981863021851,0.40921416878700256,-0.8066177368164062,0.04759303480386734,0.209238663315773,0.0,0.0
-0.96010822057724,0.39088478684425354,-0.8239843249320984,0.08251708745956421,0.19944971799850464,0.0,0.0
-0.9528182148933411,0.3723990321159363,-0.8406094312667847,0.11734006553888321,0.1896408349275589,0.0,0.0
-0.9449326992034912,0.3537643551826477,-0.8564779758453369,0.15201932191848755,0.1798129826784134,0.0,0.0
-0.9364566802978516,0.33498814702033997,-0.8715757727622986,0.18651236593723297,0.1699671447277069,0.0,0.0
-0.9273954033851624,0.31607797741889954,-0.8858892321586609,0.22077696025371552,0.16010430455207825,0.0,0.0
-0.9177545309066772,0.2970413565635681,-0.8994054198265076,0.2547711431980133,0.1502254754304886,0.0,0.0
-0.9075400233268738,0.27788591384887695,-0.9121121764183044,0.28845325112342834,0.14033161103725433,0.0,0.0
-0.8967584371566772,0.2586193382740021,-0.9239981770515442,0.32178202271461487,0.13042370975017548,0.0,0.0
-0.8854163289070129,0.2392493337392807,-0.9350525736808777,0.3547166883945465,0.120502769947052,0.0,0.0
-0.8735209107398987,0.21978361904621124,-0.945265531539917,0.38721683621406555,0.1105697825551033,0.0,0.0
-0.8610795140266418,0.20022998750209808,-0.9546277523040771,0.4192427098751068,0.10062573105096817,0.0,0.0
-0.8481000065803528,0.180596262216568,-0.9631309509277344,0.4507550597190857,0.09067162126302719,0.0,0.0
-0.834590494632721,0.16089031100273132,-0.9707673192024231,0.48171529173851013,0.08070845156908035,0.0,0.0
-0.8205593824386597,0.14112000167369843,-0.9775301218032837,0.512085497379303,0.07073719799518585,0.0,0.0
-0.8060153722763062,0.12129325419664383,-0.9834131598472595,0.541828453540802,0.06075888127088547,0.0,0.0
-0.7909677028656006,0.10141798853874207,-0.9884112477302551,0.570907711982727,0.05077448487281799,0.0,0.0
-0.7754256725311279,0.08150215446949005,-0.9925197958946228,0.5992876887321472,0.040785010904073715,0.0,0.0
-0.7593990564346313,0.0615537166595459,-0.9957351684570312,0.6269336342811584,0.03079145960509777,0.0,0.0
-0.7428978085517883,0.04158066213130951,-0.9980544447898865,0.6538116335868835,0.020794827491044998,0.0,0.0
-0.7259323000907898,0.021590976044535637,-0.9994755387306213,0.6798888444900513,0.010796116665005684,0.0,0.0
-0.708513081073761,0.0015926528722047806,-0.9999971389770508,0.7051331996917725,0.0007963267271406949,0.0,0.0
-0.6906511187553406,-0.018406307324767113,-0.9996188282966614,0.729513943195343,-0.009203542955219746,0.0,0.0
-0.672357439994812,-0.038397904485464096,-0.9983409643173218,0.7530010938644409,-0.019202493131160736,0.0,0.0
-0.6536436080932617,-0.05837414413690567,-0.9961646199226379,0.7755658626556396,-0.029199521988630295,0.0,0.0
-0.6345213055610657,-0.07832702994346619,-0.9930918216705322,0.797180712223053,-0.03919363021850586,0.0,0.0
-0.6150023937225342,-0.09824859350919724,-0.9891252517700195,0.8178191184997559,-0.04918382316827774,0.0,0.0
-0.5950990915298462,-0.11813085526227951,-0.9842686057090759,0.8374557495117188,-0.05916909500956535,0.0,0.0
-0.5748239755630493,-0.1379658728837967,-0.9785261154174805,0.8560666441917419,-0.06914845108985901,0.0,0.0
-0.5541895031929016,-0.15774568915367126,-0.9719030857086182,0.8736289739608765,-0.07912088930606842,0.0,0.0
-0.5332087278366089,-0.17746242880821228,-0.964405357837677,0.8901211619377136,-0.0890854150056839,0.0,0.0
-0.5118947625160217,-0.1971081793308258,-0.9560397267341614,0.9055231213569641,-0.09904103726148605,0.0,0.0
-0.4902608096599579,-0.21667508780956268,-0.9468137621879578,0.9198158979415894,-0.1089867502450943,0.0,0.0
-0.46832048892974854,-0.23615531623363495,-0.9367357492446899,0.9329820275306702,-0.11892157047986984,0.0,0.0
-0.44608747959136963,-0.2555411159992218,-0.925814688205719,0.9450053572654724,-0.1288444995880127,0.0,0.0
-0.4235756993293762,-0.27482467889785767,-0.9140604734420776,0.9558711647987366,-0.13875453174114227,0.0,0.0
-0.4007991850376129,-0.2939983010292053,-0.9014836549758911,0.9655662178993225,-0.14865070581436157,0.0,0.0
-0.37777215242385864,-0.3130543529987335,-0.8880955576896667,0.9740784764289856,-0.15853199362754822,0.0,0.0
-0.35450905561447144,-0.3319851756095886,-0.873908281326294,0.9813976883888245,-0.1683974415063858,0.0,0.0
-0.3310244083404541,-0.35078322887420654,-0.8589345216751099,0.9875147938728333,-0.17824605107307434,0.0,0.0
-0.3073328733444214,-0.3694409728050232,-0.8431877493858337,0.9924222826957703,-0.18807683885097504,0.0,0.0
-0.2834492623806,-0.38795092701911926,-0.8266821503639221,0.996114194393158,-0.1978888213634491,0.0,0.0
-0.2593885064125061,-0.4063057005405426,-0.8094326853752136,0.9985859990119934,-0.20768100023269653,0.0,0.0
-0.23516564071178436,-0.42449796199798584,-0.7914546728134155,0.9998346567153931,-0.21745242178440094,0.0,0.0
-0.2107958048582077,-0.4425204396247864,-0.7727645039558411,0.9998586177825928,-0.22720208764076233,0.0,0.0
-0.18629422783851624,-0.4603659212589264,-0.7533788681030273,0.9986579418182373,-0.2369290441274643,0.0,0.0
-0.16167621314525604,-0.47802725434303284,-0.7333152294158936,0.9962339997291565,-0.24663230776786804,0.0,0.0
-0.13695716857910156,-0.49549737572669983,-0.7125916481018066,0.9925897717475891,-0.25631090998649597,0.0,0.0
-0.11215252429246902,-0.5127692818641663,-0.6912267804145813,0.9877297282218933,-0.2659638822078705,0.0,0.0
-0.08727779239416122,-0.529836118221283,-0.66923987865448,0.9816598892211914,-0.2755902409553528,0.0,0.0
-0.062348514795303345,-0.5466910600662231,-0.6466506719589233,0.9743876457214355,-0.28518906235694885,0.0,0.0
-0.03738027065992355,-0.5633273124694824,-0.6234795451164246,0.9659218788146973,-0.2947593629360199,0.0,0.0
-0.012388663366436958,-0.579738199710846,-0.5997473001480103,0.9562729597091675,-0.3043001592159271,0.0,0.0
0.01261068508028984,-0.5959172248840332,-0.5754753947257996,0.9454527497291565,-0.3138105571269989,0.0,0.0
0.037602152675390244,-0.6118578910827637,-0.5506855249404907,0.9334744811058044,-0.32328957319259644,0.0,0.0
0.06257011741399765,-0.6275538206100464,-0.5254001021385193,0.9203528165817261,-0.3327362537384033,0.0,0.0
0.0874989852309227,-0.6429987549781799,-0.49964189529418945,0.906103789806366,-0.34214964509010315,0.0,0.0
0.11237316578626633,-0.6581864953041077,-0.4734340012073517,0.8907449841499329,-0.3515288531780243,0.0,0.0
0.13717710971832275,-0.6731109619140625,-0.4468000531196594,0.8742950558662415,-0.36087289452552795,0.0,0.0
0.16189533472061157,-0.6877661347389221,-0.4197640120983124,0.8567742705345154,-0.3701808452606201,0.0,0.0
0.18651236593723297,-0.7021462917327881,-0.3923502266407013,0.838204026222229,-0.3794517517089844,0.0,0.0
0.2110128402709961,-0.7162455916404724,-0.3645833432674408,0.8186070919036865,-0.3886847496032715,0.0,0.0
0.23538143932819366,-0.7300583720207214,-0.33648836612701416,0.7980074882507324,-0.39787888526916504,0.0,0.0
0.25960293412208557,-0.7435791492462158,-0.30809056758880615,0.7764303684234619,-0.40703320503234863,0.0,0.0
